time	phase	sound
3.763	title	flow.title_start
3.797	characters	char.select.mage
5.213	characters	char.select.ranger
6.730	characters	char.select.warrior
8.188	characters	flow.game_start
9.222	tutorial	flow.tutorial
9.231	tutorial	ui.open
9.297	tutorial	ui.close
10.558	tutorial	skill.W01
10.806	tutorial	hit.slash
10.809	tutorial	skill.W01.tick
10.851	tutorial	enemy.N01.windup
10.998	tutorial	enemy.N02.windup
11.051	tutorial	hit.slash
11.051	tutorial	skill.W01.tick
11.256	tutorial	enemy.N03.windup
11.309	tutorial	hit.slash
11.502	tutorial	hero.hurt
11.503	tutorial	enemy.N01.attack
11.552	tutorial	hit.slash
11.552	tutorial	skill.W01.tick
11.554	tutorial	enemy.N01.death
11.798	tutorial	skill.W01.tick
11.822	tutorial	enemy.N02.attack
11.953	tutorial	hero.hurt
12.048	tutorial	hit.slash
12.251	tutorial	enemy.N03.attack
12.298	tutorial	hit.slash
12.298	tutorial	hit.crit
12.298	tutorial	skill.W01.tick
12.553	tutorial	skill.W01.tick
13.047	tutorial	hero.hurt
13.156	tutorial	skill.W01
13.249	tutorial	enemy.N03.windup
13.398	tutorial	hit.slash
13.398	tutorial	skill.W01.tick
13.398	tutorial	enemy.N02.death
13.648	tutorial	skill.W01.tick
14.249	tutorial	enemy.N03.attack
14.597	tutorial	hero.hurt
15.157	tutorial	skill.W01
15.250	tutorial	enemy.N03.windup
15.399	tutorial	hit.slash
15.400	tutorial	mat.bone
15.400	tutorial	skill.W01.tick
15.647	tutorial	hit.slash
15.647	tutorial	mat.bone
15.648	tutorial	skill.W01.tick
15.898	tutorial	hit.slash
15.898	tutorial	mat.bone
16.153	tutorial	hit.slash
16.153	tutorial	mat.bone
16.153	tutorial	skill.W01.tick
16.157	tutorial	enemy.N03.death
16.397	tutorial	flow.tutorial
16.402	tutorial	ui.open
16.481	tutorial	ui.close
16.597	tutorial	item.pick.plate
16.784	tutorial	ui.click
16.867	tutorial	item.equip.plate
16.963	tutorial	ui.close
17.184	tutorial	ui.open
17.213	tutorial	ui.close
17.464	tutorial	skill.W01.tick
25.568	tutorial	boss.hook.windup
26.568	tutorial	boss.hook
26.913	tutorial	hero.hurt
26.916	tutorial	boss.slam.windup
26.972	tutorial	skill.W01
27.214	tutorial	hit.slash
27.214	tutorial	mat.metal
27.214	tutorial	skill.W01.tick
27.465	tutorial	hit.slash
27.465	tutorial	mat.metal
27.465	tutorial	skill.W01.tick
27.715	tutorial	hit.slash
27.715	tutorial	mat.metal
27.970	tutorial	hit.slash
27.970	tutorial	mat.metal
27.970	tutorial	skill.W01.tick
28.114	tutorial	hero.hurt
28.114	tutorial	boss.slam
28.169	tutorial	boss.basic.windup
28.215	tutorial	hit.slash
28.215	tutorial	mat.metal
28.215	tutorial	skill.W01.tick
28.466	tutorial	hit.slash
28.466	tutorial	mat.metal
28.721	tutorial	hit.slash
28.721	tutorial	mat.metal
28.721	tutorial	skill.W01.tick
28.775	tutorial	hero.hurt
28.775	tutorial	boss.basic
28.968	tutorial	hit.slash
28.968	tutorial	mat.metal
28.968	tutorial	skill.W01.tick
29.214	tutorial	hit.slash
29.214	tutorial	mat.metal
29.466	tutorial	hit.slash
29.466	tutorial	mat.metal
29.466	tutorial	skill.W01.tick
29.714	tutorial	hit.slash
29.714	tutorial	mat.metal
29.714	tutorial	skill.W01.tick
29.980	tutorial	hit.slash
29.980	tutorial	mat.metal
30.170	tutorial	boss.basic.windup
30.214	tutorial	hit.slash
30.214	tutorial	mat.metal
30.214	tutorial	skill.W01.tick
30.466	tutorial	hit.slash
30.466	tutorial	mat.metal
30.466	tutorial	skill.W01.tick
30.714	tutorial	hit.slash
30.714	tutorial	mat.metal
30.771	tutorial	hero.hurt
30.773	tutorial	boss.basic
30.966	tutorial	hit.slash
30.966	tutorial	mat.metal
30.967	tutorial	skill.W01.tick
31.214	tutorial	hit.slash
31.214	tutorial	mat.metal
31.214	tutorial	skill.W01.tick
31.215	tutorial	boss.enrage
31.464	tutorial	hit.slash
31.464	tutorial	mat.metal
31.715	tutorial	hit.slash
31.715	tutorial	mat.metal
31.716	tutorial	skill.W01.tick
31.968	tutorial	hit.slash
31.968	tutorial	mat.metal
31.969	tutorial	skill.W01.tick
32.170	tutorial	boss.basic.windup
32.215	tutorial	hit.slash
32.215	tutorial	mat.metal
32.467	tutorial	hit.slash
32.467	tutorial	mat.metal
32.467	tutorial	skill.W01.tick
32.716	tutorial	hit.slash
32.716	tutorial	hit.crit
32.716	tutorial	mat.metal
32.716	tutorial	skill.W01.tick
32.772	tutorial	hero.hurt
32.772	tutorial	boss.basic
32.914	tutorial	boss.slam.windup
32.972	tutorial	hit.slash
32.972	tutorial	mat.metal
33.764	tutorial	hit.slash
33.764	tutorial	mat.metal
33.770	tutorial	warrior.swing
34.114	tutorial	hero.hurt
34.114	tutorial	boss.slam
34.114	tutorial	boss.slam.windup
34.374	tutorial	skill.W01
34.617	tutorial	hit.slash
34.617	tutorial	mat.metal
34.617	tutorial	skill.W01.tick
34.814	tutorial	hero.hurt
34.814	tutorial	boss.slam
34.865	tutorial	hit.slash
34.865	tutorial	mat.metal
34.865	tutorial	skill.W01.tick
34.867	tutorial	boss.hook.windup
35.116	tutorial	hit.slash
35.116	tutorial	mat.metal
35.370	tutorial	hit.slash
35.370	tutorial	mat.metal
35.371	tutorial	skill.W01.tick
35.615	tutorial	hit.slash
35.615	tutorial	mat.metal
35.615	tutorial	skill.W01.tick
35.891	tutorial	boss.hook
35.915	tutorial	boss.basic.windup
35.972	tutorial	hero.hurt
35.974	tutorial	skill.W01
36.265	tutorial	hit.slash
36.265	tutorial	mat.metal
36.265	tutorial	skill.W01.tick
36.513	tutorial	hero.hurt
36.514	tutorial	boss.basic
37.014	tutorial	hit.slash
37.014	tutorial	mat.metal
37.019	tutorial	warrior.swing
37.041	tutorial	flow.tutorial
37.043	tutorial	ui.open
37.045	tutorial	boss.death
37.045	tutorial	flow.victory
37.114	tutorial	ui.close
37.355	tutorial	ui.notify
38.747	rift-warrior	ui.open
38.879	rift-warrior	ui.click_primary
39.411	rift-warrior	ui.close
39.449	rift-warrior	flow.rift_enter
40.709	rift-warrior	skill.W01
40.948	rift-warrior	hit.slash
40.948	rift-warrior	skill.W01.tick
40.949	rift-warrior	vo.warrior.battlecry
41.198	rift-warrior	hit.slash
41.198	rift-warrior	skill.W01.tick
41.200	rift-warrior	enemy.N01.windup
41.250	rift-warrior	hero.potion
41.449	rift-warrior	hit.slash
41.452	rift-warrior	enemy.N01.death
41.701	rift-warrior	hit.slash
41.701	rift-warrior	skill.W01.tick
41.705	rift-warrior	enemy.N01.death
41.705	rift-warrior	gold.pickup
41.947	rift-warrior	skill.W01.tick
42.340	rift-warrior	gold.pickup
50.854	rift-warrior	enemy.N01.windup
50.909	rift-warrior	skill.W01
51.147	rift-warrior	hit.slash
51.148	rift-warrior	skill.W01.tick
51.397	rift-warrior	hit.slash
51.397	rift-warrior	skill.W01.tick
51.405	rift-warrior	enemy.N01.windup
51.502	rift-warrior	hero.hurt
51.504	rift-warrior	enemy.N01.attack
51.648	rift-warrior	hit.slash
51.654	rift-warrior	enemy.N01.death
51.712	rift-warrior	enemy.N01.windup
51.903	rift-warrior	hit.slash
51.903	rift-warrior	skill.W01.tick
51.905	rift-warrior	enemy.N01.death
52.148	rift-warrior	hit.slash
52.148	rift-warrior	skill.W01.tick
52.155	rift-warrior	enemy.N01.death
52.155	rift-warrior	flow.level_up
52.155	rift-warrior	gold.pickup
52.309	rift-warrior	gold.pickup
52.648	rift-warrior	hit.slash
52.648	rift-warrior	skill.W01.tick
52.656	rift-warrior	enemy.N01.windup
52.902	rift-warrior	hit.slash
52.902	rift-warrior	skill.W01.tick
53.148	rift-warrior	hit.slash
53.150	rift-warrior	enemy.N01.death
53.197	rift-warrior	enemy.N01.windup
53.400	rift-warrior	hit.slash
53.400	rift-warrior	skill.W01.tick
53.500	rift-warrior	enemy.N01.windup
53.648	rift-warrior	hit.slash
53.648	rift-warrior	skill.W01.tick
53.649	rift-warrior	enemy.N01.death
53.903	rift-warrior	hit.slash
53.904	rift-warrior	enemy.N01.death
53.904	rift-warrior	gold.pickup
54.148	rift-warrior	skill.W01.tick
59.510	rift-warrior	enemy.rage
62.110	rift-warrior	skill.W01
62.110	rift-warrior	enemy.N01.windup
62.347	rift-warrior	hit.slash
62.347	rift-warrior	skill.W01.tick
62.448	rift-warrior	enemy.N01.windup
62.598	rift-warrior	hit.slash
62.598	rift-warrior	skill.W01.tick
62.747	rift-warrior	hero.hurt
62.748	rift-warrior	enemy.N01.attack
62.847	rift-warrior	hit.slash
62.848	rift-warrior	enemy.N01.death
62.908	rift-warrior	gold.pickup
63.005	rift-warrior	gold.pickup
63.101	rift-warrior	skill.W01.tick
63.309	rift-warrior	hazard.ice
63.347	rift-warrior	hit.slash
63.347	rift-warrior	hit.crit
63.348	rift-warrior	skill.W01.tick
63.381	rift-warrior	enemy.N01.windup
63.597	rift-warrior	hit.slash
63.847	rift-warrior	hit.slash
63.847	rift-warrior	skill.W01.tick
63.853	rift-warrior	enemy.N01.death
64.100	rift-warrior	hit.slash
64.100	rift-warrior	skill.W01.tick
64.110	rift-warrior	enemy.N01.windup
64.348	rift-warrior	hit.slash
64.348	rift-warrior	hit.crit
64.500	rift-warrior	enemy.N01.windup
64.597	rift-warrior	hit.slash
64.597	rift-warrior	skill.W01.tick
64.598	rift-warrior	enemy.N01.death
64.797	rift-warrior	hero.hurt
64.847	rift-warrior	hit.slash
64.847	rift-warrior	skill.W01.tick
64.849	rift-warrior	enemy.N01.windup
64.849	rift-warrior	enemy.N01.death
65.100	rift-warrior	hit.slash
65.146	rift-warrior	hero.hurt
65.147	rift-warrior	enemy.N01.attack
65.347	rift-warrior	hit.slash
65.347	rift-warrior	hit.crit
65.347	rift-warrior	skill.W01.tick
65.348	rift-warrior	enemy.N01.death
65.499	rift-warrior	hero.hurt
65.500	rift-warrior	enemy.N01.attack
65.500	rift-warrior	gold.pickup
65.598	rift-warrior	hit.slash
65.598	rift-warrior	skill.W01.tick
65.847	rift-warrior	hit.slash
65.998	rift-warrior	enemy.N01.windup
66.101	rift-warrior	hit.slash
66.101	rift-warrior	skill.W01.tick
66.348	rift-warrior	hit.slash
66.348	rift-warrior	skill.W01.tick
66.375	rift-warrior	enemy.N01.windup
66.375	rift-warrior	enemy.N01.death
66.375	rift-warrior	enemy.elite_death
66.401	rift-warrior	loot.drop.rare
66.597	rift-warrior	hit.slash
66.599	rift-warrior	enemy.N01.death
66.599	rift-warrior	flow.level_up
66.651	rift-warrior	hero.potion
66.651	rift-warrior	loot.drop.rare
66.752	rift-warrior	gold.pickup
66.847	rift-warrior	hit.slash
66.847	rift-warrior	skill.W01.tick
67.100	rift-warrior	hit.slash
67.100	rift-warrior	skill.W01.tick
67.103	rift-warrior	enemy.N01.death
67.103	rift-warrior	item.pick.jewelry
67.103	rift-warrior	item.pick.plate
67.103	rift-warrior	gold.pickup
67.103	rift-warrior	gold.pickup_large
67.710	rift-warrior	gold.pickup
68.002	rift-warrior	flow.skill_unlock
69.154	rift-warrior	field.chest_start
70.219	rift-warrior	field.chest_open
78.514	rift-warrior	field.chest_interrupt
78.910	rift-warrior	skill.W01
78.955	rift-warrior	enemy.N01.windup
79.005	rift-warrior	hero.potion
79.148	rift-warrior	hit.slash
79.148	rift-warrior	skill.W01.tick
79.398	rift-warrior	hit.slash
79.398	rift-warrior	hit.crit
79.399	rift-warrior	skill.W01.tick
79.401	rift-warrior	enemy.N01.death
79.511	rift-warrior	enemy.N01.windup
79.648	rift-warrior	hit.slash
79.649	rift-warrior	enemy.N01.death
79.902	rift-warrior	hit.slash
79.903	rift-warrior	skill.W01.tick
79.903	rift-warrior	enemy.N01.windup
79.903	rift-warrior	enemy.N01.death
80.148	rift-warrior	hit.slash
80.148	rift-warrior	skill.W01.tick
80.156	rift-warrior	gold.pickup
80.398	rift-warrior	hit.slash
80.400	rift-warrior	enemy.N01.death
80.400	rift-warrior	field.rune_drop
80.400	rift-warrior	gold.pickup
80.648	rift-warrior	skill.W01.tick
82.118	rift-warrior	field.chest_interrupt
82.907	rift-warrior	skill.W01
82.952	rift-warrior	enemy.N01.windup
83.148	rift-warrior	hit.slash
83.148	rift-warrior	skill.W01.tick
83.349	rift-warrior	enemy.N01.windup
83.398	rift-warrior	hit.slash
83.398	rift-warrior	skill.W01.tick
83.600	rift-warrior	hero.hurt
83.600	rift-warrior	enemy.N01.attack
83.634	rift-warrior	hit.slash
83.635	rift-warrior	enemy.N01.death
83.744	rift-warrior	gold.pickup
83.804	rift-warrior	enemy.N01.windup
83.902	rift-warrior	hit.slash
83.902	rift-warrior	skill.W01.tick
84.148	rift-warrior	hit.slash
84.148	rift-warrior	skill.W01.tick
84.149	rift-warrior	enemy.N01.death
84.398	rift-warrior	hit.slash
84.399	rift-warrior	enemy.N01.death
84.399	rift-warrior	gold.pickup
84.649	rift-warrior	skill.W01.tick
85.003	rift-warrior	gold.pickup
85.927	rift-warrior	field.chest_start
86.962	rift-warrior	field.chest_open
86.962	rift-warrior	item.pick.jewelry
87.004	rift-warrior	loot.drop.magic
88.329	rift-warrior	gold.pickup
89.753	rift-warrior	field.chest_start
90.811	rift-warrior	field.chest_open
98.709	rift-warrior	skill.W01
98.759	rift-warrior	enemy.N01.windup
98.948	rift-warrior	hit.slash
98.948	rift-warrior	skill.W01.tick
99.198	rift-warrior	hit.slash
99.198	rift-warrior	skill.W01.tick
99.397	rift-warrior	hero.hurt
99.399	rift-warrior	enemy.N01.attack
99.448	rift-warrior	hit.slash
99.449	rift-warrior	enemy.N01.death
99.521	rift-warrior	gold.pickup
99.651	rift-warrior	enemy.N01.windup
99.702	rift-warrior	hit.slash
99.702	rift-warrior	skill.W01.tick
99.948	rift-warrior	hit.slash
99.948	rift-warrior	hit.crit
99.948	rift-warrior	skill.W01.tick
100.148	rift-warrior	enemy.N01.windup
100.198	rift-warrior	hit.slash
100.198	rift-warrior	hit.crit
100.199	rift-warrior	enemy.N01.death
100.447	rift-warrior	hit.slash
100.448	rift-warrior	skill.W01.tick
100.704	rift-warrior	hit.slash
100.704	rift-warrior	skill.W01.tick
100.705	rift-warrior	enemy.N01.death
100.705	rift-warrior	gold.pickup
100.908	rift-warrior	gold.pickup
101.199	rift-warrior	hit.slash
101.199	rift-warrior	skill.W01.tick
101.306	rift-warrior	enemy.N01.windup
101.449	rift-warrior	hit.slash
101.449	rift-warrior	skill.W01.tick
101.703	rift-warrior	hit.slash
101.704	rift-warrior	enemy.N01.windup
101.704	rift-warrior	enemy.N01.death
101.947	rift-warrior	hit.slash
101.948	rift-warrior	skill.W01.tick
102.197	rift-warrior	hit.slash
102.197	rift-warrior	skill.W01.tick
102.198	rift-warrior	enemy.N01.death
102.198	rift-warrior	gold.pickup
102.306	rift-warrior	gold.pickup
102.447	rift-warrior	hit.slash
102.537	rift-warrior	enemy.N01.windup
102.701	rift-warrior	hit.slash
102.701	rift-warrior	skill.W01.tick
102.948	rift-warrior	hit.slash
102.948	rift-warrior	hit.crit
102.948	rift-warrior	skill.W01.tick
102.948	rift-warrior	enemy.N01.death
103.114	rift-warrior	gold.pickup
103.153	rift-warrior	enemy.N01.windup
103.197	rift-warrior	hit.slash
103.247	rift-warrior	hero.potion
103.447	rift-warrior	hit.slash
103.448	rift-warrior	skill.W01.tick
103.702	rift-warrior	hit.slash
103.702	rift-warrior	skill.W01.tick
103.704	rift-warrior	enemy.N01.death
104.259	rift-warrior	gold.pickup
106.004	rift-warrior	field.chest_start
107.072	rift-warrior	field.chest_open
113.309	rift-warrior	skill.W01
113.354	rift-warrior	enemy.N01.windup
113.404	rift-warrior	hero.potion
113.548	rift-warrior	hit.slash
113.548	rift-warrior	skill.W01.tick
113.800	rift-warrior	hit.slash
113.800	rift-warrior	skill.W01.tick
113.850	rift-warrior	enemy.N01.windup
113.984	rift-warrior	hero.hurt
113.992	rift-warrior	enemy.N01.attack
114.036	rift-warrior	hit.slash
114.037	rift-warrior	hit.crit
114.038	rift-warrior	enemy.N01.death
114.302	rift-warrior	hit.slash
114.302	rift-warrior	skill.W01.tick
114.305	rift-warrior	enemy.N01.death
114.305	rift-warrior	boss.BOSS01.spawn
114.305	rift-warrior	gold.pickup
114.448	rift-warrior	enemy.N01.windup
114.548	rift-warrior	hit.slash
114.549	rift-warrior	skill.W01.tick
114.798	rift-warrior	hit.slash
114.799	rift-warrior	enemy.N01.death
114.850	rift-warrior	loot.drop.magic
115.048	rift-warrior	hit.slash
115.048	rift-warrior	skill.W01.tick
115.148	rift-warrior	enemy.N01.windup
115.302	rift-warrior	hit.slash
115.303	rift-warrior	skill.W01.tick
115.550	rift-warrior	hit.slash
115.551	rift-warrior	enemy.N01.death
115.597	rift-warrior	enemy.N01.windup
115.798	rift-warrior	hit.slash
115.800	rift-warrior	skill.W01.tick
116.048	rift-warrior	hit.slash
116.049	rift-warrior	skill.W01.tick
116.055	rift-warrior	enemy.N01.death
116.114	rift-warrior	vo.warrior.battlecry
116.148	rift-warrior	boss.hook.windup
117.153	rift-warrior	boss.hook
117.153	rift-warrior	gold.pickup
117.613	rift-warrior	hero.hurt
117.659	rift-warrior	boss.slam.windup
117.854	rift-warrior	skill.W01
118.052	rift-warrior	enemy.N01.windup
118.098	rift-warrior	hit.slash
118.098	rift-warrior	mat.metal
118.098	rift-warrior	skill.W01.tick
118.349	rift-warrior	hit.slash
118.349	rift-warrior	mat.metal
118.349	rift-warrior	skill.W01.tick
118.599	rift-warrior	hit.slash
118.599	rift-warrior	mat.metal
118.601	rift-warrior	enemy.N01.death
118.601	rift-warrior	flow.level_up
118.850	rift-warrior	hit.slash
118.850	rift-warrior	mat.metal
118.850	rift-warrior	skill.W01.tick
118.850	rift-warrior	hero.hurt
118.851	rift-warrior	boss.slam
118.897	rift-warrior	boss.basic.windup
119.098	rift-warrior	hit.slash
119.098	rift-warrior	mat.metal
119.098	rift-warrior	skill.W01.tick
119.351	rift-warrior	hit.slash
119.351	rift-warrior	mat.metal
119.497	rift-warrior	hero.hurt
119.497	rift-warrior	boss.basic
119.600	rift-warrior	hit.slash
119.600	rift-warrior	mat.metal
119.600	rift-warrior	skill.W01.tick
119.854	rift-warrior	hit.slash
119.854	rift-warrior	mat.metal
119.854	rift-warrior	skill.W01.tick
120.097	rift-warrior	hit.slash
120.097	rift-warrior	mat.metal
120.347	rift-warrior	hit.slash
120.347	rift-warrior	mat.metal
120.347	rift-warrior	skill.W01.tick
120.631	rift-warrior	hit.slash
120.631	rift-warrior	mat.metal
120.631	rift-warrior	skill.W01.tick
120.853	rift-warrior	hit.slash
120.853	rift-warrior	mat.metal
120.897	rift-warrior	boss.basic.windup
121.098	rift-warrior	hit.slash
121.098	rift-warrior	mat.metal
121.098	rift-warrior	skill.W01.tick
121.348	rift-warrior	hit.slash
121.348	rift-warrior	mat.metal
121.348	rift-warrior	skill.W01.tick
121.497	rift-warrior	hero.hurt
121.497	rift-warrior	boss.basic
121.598	rift-warrior	hit.slash
121.598	rift-warrior	mat.metal
122.053	rift-warrior	skill.W01
122.298	rift-warrior	hit.slash
122.298	rift-warrior	mat.metal
122.298	rift-warrior	skill.W01.tick
122.852	rift-warrior	skill.W01
122.899	rift-warrior	boss.basic.windup
123.100	rift-warrior	hit.slash
123.100	rift-warrior	mat.metal
123.100	rift-warrior	skill.W01.tick
123.292	rift-warrior	hero.potion
123.349	rift-warrior	hit.slash
123.349	rift-warrior	mat.metal
123.349	rift-warrior	skill.W01.tick
123.484	rift-warrior	hero.hurt
123.484	rift-warrior	boss.basic
123.631	rift-warrior	hit.slash
123.631	rift-warrior	mat.metal
123.650	rift-warrior	boss.slam.windup
123.852	rift-warrior	hit.slash
123.852	rift-warrior	mat.metal
123.853	rift-warrior	skill.W01.tick
124.098	rift-warrior	hit.slash
124.098	rift-warrior	mat.metal
124.098	rift-warrior	skill.W01.tick
124.348	rift-warrior	hit.slash
124.348	rift-warrior	mat.metal
124.598	rift-warrior	hit.slash
124.598	rift-warrior	mat.metal
124.598	rift-warrior	skill.W01.tick
124.852	rift-warrior	hit.slash
124.852	rift-warrior	mat.metal
124.852	rift-warrior	skill.W01.tick
124.852	rift-warrior	hero.hurt
124.855	rift-warrior	boss.slam
124.896	rift-warrior	boss.basic.windup
125.097	rift-warrior	hit.slash
125.098	rift-warrior	mat.metal
125.347	rift-warrior	hit.slash
125.347	rift-warrior	mat.metal
125.348	rift-warrior	skill.W01.tick
125.497	rift-warrior	hero.hurt
125.497	rift-warrior	boss.basic
125.547	rift-warrior	boss.hook.windup
126.047	rift-warrior	hit.slash
126.047	rift-warrior	mat.metal
126.052	rift-warrior	warrior.swing
126.550	rift-warrior	boss.hook
126.651	rift-warrior	hero.hurt
126.656	rift-warrior	skill.W01
126.902	rift-warrior	boss.basic.windup
126.948	rift-warrior	hit.slash
126.948	rift-warrior	mat.metal
126.948	rift-warrior	skill.W01.tick
127.198	rift-warrior	hit.slash
127.198	rift-warrior	mat.metal
127.198	rift-warrior	skill.W01.tick
127.450	rift-warrior	hit.slash
127.450	rift-warrior	mat.metal
127.501	rift-warrior	hero.hurt
127.501	rift-warrior	boss.basic
127.701	rift-warrior	hit.slash
127.701	rift-warrior	mat.metal
127.701	rift-warrior	skill.W01.tick
127.950	rift-warrior	hit.slash
127.950	rift-warrior	mat.metal
127.950	rift-warrior	skill.W01.tick
128.697	rift-warrior	hit.slash
128.697	rift-warrior	mat.metal
128.700	rift-warrior	warrior.swing
128.901	rift-warrior	boss.basic.windup
129.302	rift-warrior	skill.W01
129.500	rift-warrior	hero.hurt
129.501	rift-warrior	boss.basic
129.547	rift-warrior	hit.slash
129.547	rift-warrior	mat.metal
129.548	rift-warrior	skill.W01.tick
129.650	rift-warrior	boss.slam.windup
129.797	rift-warrior	hit.slash
129.797	rift-warrior	mat.metal
129.797	rift-warrior	skill.W01.tick
130.047	rift-warrior	hit.slash
130.047	rift-warrior	mat.metal
130.301	rift-warrior	hit.slash
130.301	rift-warrior	mat.metal
130.302	rift-warrior	skill.W01.tick
130.548	rift-warrior	hit.slash
130.548	rift-warrior	mat.metal
130.548	rift-warrior	skill.W01.tick
130.847	rift-warrior	hero.hurt
130.855	rift-warrior	boss.slam
130.905	rift-warrior	skill.W01
130.907	rift-warrior	boss.basic.windup
131.150	rift-warrior	hit.slash
131.150	rift-warrior	mat.metal
131.150	rift-warrior	skill.W01.tick
131.503	rift-warrior	hero.hurt
131.504	rift-warrior	boss.basic
131.897	rift-warrior	hit.slash
131.897	rift-warrior	mat.metal
131.901	rift-warrior	warrior.swing
132.505	rift-warrior	skill.W01
132.747	rift-warrior	hit.slash
132.747	rift-warrior	mat.metal
132.747	rift-warrior	skill.W01.tick
132.902	rift-warrior	boss.basic.windup
132.998	rift-warrior	hit.slash
132.998	rift-warrior	mat.metal
132.998	rift-warrior	skill.W01.tick
133.248	rift-warrior	hit.slash
133.248	rift-warrior	mat.metal
133.503	rift-warrior	hit.slash
133.503	rift-warrior	mat.metal
133.503	rift-warrior	skill.W01.tick
133.503	rift-warrior	hero.hurt
133.506	rift-warrior	boss.basic
133.748	rift-warrior	hit.slash
133.748	rift-warrior	mat.metal
133.748	rift-warrior	skill.W01.tick
134.498	rift-warrior	hit.slash
134.498	rift-warrior	mat.metal
134.503	rift-warrior	warrior.swing
134.503	rift-warrior	boss.enrage
134.553	rift-warrior	boss.hook.windup
135.104	rift-warrior	skill.W01
135.348	rift-warrior	hit.slash
135.348	rift-warrior	mat.metal
135.348	rift-warrior	skill.W01.tick
135.553	rift-warrior	boss.hook
135.599	rift-warrior	hit.slash
135.599	rift-warrior	mat.metal
135.599	rift-warrior	skill.W01.tick
135.600	rift-warrior	boss.basic.windup
135.680	rift-warrior	hero.hurt
135.704	rift-warrior	skill.W01
135.948	rift-warrior	hit.slash
135.948	rift-warrior	mat.metal
136.198	rift-warrior	hit.slash
136.198	rift-warrior	mat.metal
136.198	rift-warrior	skill.W01.tick
136.198	rift-warrior	hero.hurt
136.199	rift-warrior	boss.basic
136.248	rift-warrior	boss.slam.windup
136.448	rift-warrior	hit.slash
136.448	rift-warrior	mat.metal
136.448	rift-warrior	skill.W01.tick
136.701	rift-warrior	hit.slash
136.702	rift-warrior	mat.metal
137.448	rift-warrior	hero.hurt
137.449	rift-warrior	boss.slam
137.449	rift-warrior	boss.slam.windup
137.497	rift-warrior	hit.slash
137.497	rift-warrior	mat.metal
137.501	rift-warrior	warrior.swing
138.104	rift-warrior	skill.W01
138.147	rift-warrior	hero.hurt
138.148	rift-warrior	boss.slam
138.198	rift-warrior	boss.basic.windup
138.352	rift-warrior	hit.slash
138.352	rift-warrior	mat.metal
138.352	rift-warrior	skill.W01.tick
138.587	rift-warrior	hit.slash
138.587	rift-warrior	mat.metal
138.587	rift-warrior	skill.W01.tick
138.797	rift-warrior	hero.hurt
138.801	rift-warrior	boss.basic
138.848	rift-warrior	hit.slash
138.848	rift-warrior	mat.metal
139.102	rift-warrior	hit.slash
139.102	rift-warrior	mat.metal
139.102	rift-warrior	skill.W01.tick
139.348	rift-warrior	hit.slash
139.348	rift-warrior	mat.metal
139.348	rift-warrior	skill.W01.tick
140.097	rift-warrior	hit.slash
140.097	rift-warrior	mat.metal
140.101	rift-warrior	warrior.swing
140.198	rift-warrior	boss.basic.windup
140.704	rift-warrior	skill.W01
140.797	rift-warrior	hero.hurt
140.797	rift-warrior	boss.basic
140.948	rift-warrior	hit.slash
140.948	rift-warrior	mat.metal
140.948	rift-warrior	skill.W01.tick
141.198	rift-warrior	hit.slash
141.198	rift-warrior	mat.metal
141.198	rift-warrior	skill.W01.tick
141.448	rift-warrior	hit.slash
141.448	rift-warrior	mat.metal
141.700	rift-warrior	hit.slash
141.700	rift-warrior	mat.metal
141.700	rift-warrior	skill.W01.tick
141.947	rift-warrior	hit.slash
141.947	rift-warrior	mat.metal
141.948	rift-warrior	skill.W01.tick
142.197	rift-warrior	boss.basic.windup
142.697	rift-warrior	hit.slash
142.697	rift-warrior	mat.metal
142.704	rift-warrior	warrior.swing
142.797	rift-warrior	hero.hurt
142.798	rift-warrior	boss.basic
142.847	rift-warrior	boss.slam.windup
143.307	rift-warrior	skill.W01
143.351	rift-warrior	hero.potion
143.540	rift-warrior	hit.slash
143.540	rift-warrior	mat.metal
143.540	rift-warrior	skill.W01.tick
143.798	rift-warrior	hit.slash
143.798	rift-warrior	mat.metal
143.798	rift-warrior	skill.W01.tick
144.048	rift-warrior	hit.slash
144.048	rift-warrior	mat.metal
144.048	rift-warrior	hero.hurt
144.052	rift-warrior	boss.slam
144.052	rift-warrior	boss.slam.windup
144.303	rift-warrior	hit.slash
144.303	rift-warrior	mat.metal
144.303	rift-warrior	skill.W01.tick
144.548	rift-warrior	hit.slash
144.548	rift-warrior	mat.metal
144.548	rift-warrior	skill.W01.tick
144.748	rift-warrior	hero.hurt
144.748	rift-warrior	boss.slam
144.798	rift-warrior	hit.slash
144.798	rift-warrior	mat.metal
144.799	rift-warrior	boss.hook.windup
145.051	rift-warrior	hit.slash
145.051	rift-warrior	mat.metal
145.051	rift-warrior	skill.W01.tick
145.304	rift-warrior	hit.slash
145.304	rift-warrior	mat.metal
145.304	rift-warrior	skill.W01.tick
145.548	rift-warrior	hit.slash
145.548	rift-warrior	mat.metal
145.798	rift-warrior	hit.slash
145.798	rift-warrior	mat.metal
145.798	rift-warrior	skill.W01.tick
145.801	rift-warrior	boss.hook
145.848	rift-warrior	boss.basic.windup
145.901	rift-warrior	hero.hurt
145.954	rift-warrior	skill.W01
145.959	rift-warrior	hero.potion
146.198	rift-warrior	hit.slash
146.198	rift-warrior	mat.metal
146.198	rift-warrior	skill.W01.tick
146.449	rift-warrior	hit.slash
146.449	rift-warrior	mat.metal
146.449	rift-warrior	skill.W01.tick
146.449	rift-warrior	hero.hurt
146.455	rift-warrior	boss.basic
146.698	rift-warrior	hit.slash
146.698	rift-warrior	mat.metal
146.952	rift-warrior	hit.slash
146.952	rift-warrior	mat.metal
146.952	rift-warrior	skill.W01.tick
147.356	rift-warrior	skill.W01
147.599	rift-warrior	hit.slash
147.599	rift-warrior	mat.metal
147.599	rift-warrior	skill.W01.tick
147.847	rift-warrior	boss.basic.windup
148.347	rift-warrior	hit.slash
148.347	rift-warrior	mat.metal
148.351	rift-warrior	warrior.swing
148.447	rift-warrior	hero.hurt
148.448	rift-warrior	boss.basic
148.847	rift-warrior	boss.slam.windup
148.954	rift-warrior	skill.W01
149.198	rift-warrior	hit.slash
149.198	rift-warrior	mat.metal
149.198	rift-warrior	skill.W01.tick
149.448	rift-warrior	hit.slash
149.448	rift-warrior	mat.metal
149.448	rift-warrior	skill.W01.tick
149.699	rift-warrior	hit.slash
149.699	rift-warrior	mat.metal
149.956	rift-warrior	hit.slash
149.956	rift-warrior	hit.crit
149.956	rift-warrior	mat.metal
149.956	rift-warrior	skill.W01.tick
150.049	rift-warrior	hero.hurt
150.050	rift-warrior	boss.slam
150.050	rift-warrior	boss.slam.windup
150.198	rift-warrior	hit.slash
150.198	rift-warrior	mat.metal
150.199	rift-warrior	skill.W01.tick
150.554	rift-warrior	skill.W01
150.749	rift-warrior	hero.hurt
150.751	rift-warrior	boss.slam
150.798	rift-warrior	hit.slash
150.798	rift-warrior	mat.metal
150.798	rift-warrior	skill.W01.tick
150.798	rift-warrior	boss.basic.windup
151.398	rift-warrior	hero.hurt
151.398	rift-warrior	boss.basic
151.547	rift-warrior	hit.slash
151.547	rift-warrior	mat.metal
151.553	rift-warrior	warrior.swing
152.156	rift-warrior	skill.W01
152.398	rift-warrior	hit.slash
152.398	rift-warrior	mat.metal
152.398	rift-warrior	skill.W01.tick
152.402	rift-warrior	boss.death
152.670	rift-warrior	item.pick.leather
152.670	rift-warrior	item.pick.jewelry
152.670	rift-warrior	item.pick.plate
152.670	rift-warrior	gold.pickup
152.670	rift-warrior	gold.pickup_large
152.670	rift-warrior	loot.material
152.670	rift-warrior	loot.stone
152.670	rift-warrior	loot.gem
152.670	rift-warrior	flow.victory
152.750	rift-warrior	flow.rift_exit
152.819	rift-warrior	ui.notify
155.316	inventory	ui.open
155.982	inventory	item.pick.jewelry
156.190	inventory	item.lock
156.300	inventory	item.unlock
156.397	inventory	ui.click
157.076	rift-ranger	ui.close
157.181	rift-ranger	ui.notify
157.400	rift-ranger	ui.open
157.665	rift-ranger	ui.close
157.915	rift-ranger	ui.open
188.241	rift-mage	ui.close
190.679	rift-mage	ui.open
190.760	rift-mage	ui.click_primary
191.532	rift-mage	ui.close
191.571	rift-mage	flow.rift_enter
192.925	rift-mage	skill.M01
193.080	rift-mage	vo.mage.battlecry
193.365	rift-mage	hit.fire
193.365	rift-mage	skill.M01.hit
193.367	rift-mage	enemy.N01.death
193.719	rift-mage	skill.M01
194.063	rift-mage	skill.M01.hit
194.519	rift-mage	skill.M01
194.664	rift-mage	hero.potion
194.816	rift-mage	hit.fire
194.816	rift-mage	skill.M01.hit
194.819	rift-mage	enemy.N01.death
195.320	rift-mage	skill.M01
195.513	rift-mage	skill.M01.hit
197.269	rift-mage	gold.pickup
205.720	rift-mage	skill.M01
206.116	rift-mage	hit.fire
206.116	rift-mage	hit.crit
206.116	rift-mage	skill.M01.hit
206.117	rift-mage	enemy.N01.death
206.520	rift-mage	skill.M01
206.819	rift-mage	hit.fire
206.819	rift-mage	skill.M01.hit
206.820	rift-mage	enemy.N01.death
207.322	rift-mage	skill.M01
207.564	rift-mage	hit.fire
207.565	rift-mage	skill.M01.hit
207.567	rift-mage	enemy.N01.death
207.567	rift-mage	flow.level_up
207.619	rift-mage	loot.drop.rare
208.121	rift-mage	skill.M01
208.263	rift-mage	skill.M01.hit
209.123	rift-mage	skill.M01
209.564	rift-mage	hit.fire
209.564	rift-mage	skill.M01.hit
209.568	rift-mage	enemy.N01.death
209.920	rift-mage	skill.M01
210.226	rift-mage	item.pick.plate
210.226	rift-mage	gold.pickup
210.263	rift-mage	skill.M01.hit
210.371	rift-mage	gold.pickup
210.469	rift-mage	gold.pickup
210.668	rift-mage	field.shrine_start
211.285	rift-mage	field.shrine_use
218.120	rift-mage	skill.M01
218.518	rift-mage	hit.fire
218.519	rift-mage	skill.M01.hit
218.522	rift-mage	enemy.N01.death
218.921	rift-mage	skill.M01
219.217	rift-mage	hit.fire
219.217	rift-mage	skill.M01.hit
219.218	rift-mage	enemy.N01.death
219.218	rift-mage	field.rune_drop
219.721	rift-mage	skill.M01
219.864	rift-mage	hit.fire
219.864	rift-mage	skill.M01.hit
219.865	rift-mage	enemy.N01.death
219.865	rift-mage	hero.potion
220.522	rift-mage	skill.M01
220.596	rift-mage	hit.fire
220.597	rift-mage	skill.M01.hit
220.604	rift-mage	enemy.N01.windup
220.604	rift-mage	enemy.N01.death
220.620	rift-mage	hero.potion
220.914	rift-mage	enemy.N01.windup
221.216	rift-mage	hero.hurt
221.220	rift-mage	enemy.N01.windup
221.220	rift-mage	enemy.N01.attack
221.322	rift-mage	skill.M01
221.363	rift-mage	hit.fire
221.363	rift-mage	hit.crit
221.363	rift-mage	skill.M01.hit
221.370	rift-mage	enemy.N01.death
221.370	rift-mage	enemy.elite_death
221.421	rift-mage	loot.drop.magic
221.863	rift-mage	hero.hurt
221.865	rift-mage	enemy.N01.attack
222.121	rift-mage	skill.M01
222.121	rift-mage	gold.pickup
222.217	rift-mage	hit.fire
222.217	rift-mage	skill.M01.hit
222.716	rift-mage	enemy.N01.windup
222.922	rift-mage	skill.M01
223.016	rift-mage	hit.fire
223.016	rift-mage	skill.M01.hit
223.020	rift-mage	enemy.N01.death
223.020	rift-mage	enemy.elite_death
223.020	rift-mage	flow.level_up
223.065	rift-mage	loot.drop.magic
223.721	rift-mage	skill.M01
223.770	rift-mage	gold.pickup
223.829	rift-mage	item.pick.leather
223.863	rift-mage	skill.M01.hit
223.870	rift-mage	gold.pickup
224.425	rift-mage	flow.skill_unlock
224.718	rift-mage	field.chest_start
225.790	rift-mage	field.chest_open
235.124	rift-mage	skill.M01
235.416	rift-mage	hit.fire
235.417	rift-mage	skill.M01.hit
235.417	rift-mage	enemy.N01.death
235.921	rift-mage	skill.M01
236.063	rift-mage	skill.M01.hit
236.721	rift-mage	skill.M01
237.113	rift-mage	hit.fire
237.114	rift-mage	skill.M01.hit
237.114	rift-mage	enemy.N01.death
237.523	rift-mage	skill.M01
237.818	rift-mage	skill.M01.hit
238.524	rift-mage	skill.M01
238.570	rift-mage	gold.pickup
238.913	rift-mage	hit.fire
238.914	rift-mage	skill.M01.hit
238.914	rift-mage	enemy.N01.death
238.914	rift-mage	field.rune_drop
239.320	rift-mage	skill.M01
239.623	rift-mage	skill.M01.hit
239.915	rift-mage	hero.potion
240.164	rift-mage	mage.bolt
240.264	rift-mage	enemy.N01.windup
240.314	rift-mage	hit.lightning
240.913	rift-mage	hero.hurt
240.914	rift-mage	enemy.N01.attack
241.320	rift-mage	skill.M01
241.320	rift-mage	gold.pickup
241.418	rift-mage	hit.fire
241.418	rift-mage	skill.M01.hit
241.418	rift-mage	enemy.N01.death
241.863	rift-mage	enemy.N01.windup
242.119	rift-mage	skill.M01
242.263	rift-mage	hit.fire
242.263	rift-mage	skill.M01.hit
242.266	rift-mage	enemy.N01.death
242.919	rift-mage	skill.M01
243.063	rift-mage	skill.M01.hit
244.368	rift-mage	field.chest_start
245.446	rift-mage	field.chest_open
245.446	rift-mage	item.pick.plate
245.514	rift-mage	loot.drop.magic
246.640	rift-mage	field.chest_start
247.760	rift-mage	field.chest_open
255.229	rift-mage	field.chest_interrupt
255.564	rift-mage	enemy.N01.windup
255.619	rift-mage	hero.potion
256.122	rift-mage	skill.M01
256.218	rift-mage	hero.hurt
256.218	rift-mage	hit.fire
256.219	rift-mage	hit.crit
256.219	rift-mage	skill.M01.hit
256.220	rift-mage	enemy.N01.windup
256.220	rift-mage	enemy.N01.attack
256.220	rift-mage	enemy.N01.death
256.819	rift-mage	enemy.N01.windup
256.922	rift-mage	skill.M01
256.963	rift-mage	hit.fire
256.964	rift-mage	skill.M01.hit
256.971	rift-mage	enemy.N01.death
258.018	rift-mage	field.chest_interrupt
258.364	rift-mage	mage.bolt
258.714	rift-mage	hit.lightning
259.522	rift-mage	skill.M01
259.664	rift-mage	hit.fire
259.664	rift-mage	hit.crit
259.664	rift-mage	skill.M01.hit
259.701	rift-mage	enemy.N01.windup
259.701	rift-mage	enemy.N01.death
260.320	rift-mage	skill.M01
260.363	rift-mage	skill.M01.hit
260.570	rift-mage	gold.pickup
260.835	rift-mage	field.chest_interrupt
261.724	rift-mage	skill.M01
261.725	rift-mage	enemy.N01.windup
261.913	rift-mage	hit.fire
261.914	rift-mage	hit.crit
261.914	rift-mage	skill.M01.hit
261.915	rift-mage	enemy.N01.death
262.522	rift-mage	skill.M01
262.640	rift-mage	skill.M01.hit
263.418	rift-mage	field.chest_interrupt
263.464	rift-mage	hero.potion
264.125	rift-mage	skill.M01
264.126	rift-mage	gold.pickup
264.263	rift-mage	hit.fire
264.263	rift-mage	skill.M01.hit
264.264	rift-mage	enemy.N01.windup
264.264	rift-mage	enemy.N01.death
264.923	rift-mage	skill.M01
265.040	rift-mage	skill.M01.hit
265.973	rift-mage	gold.pickup
266.472	rift-mage	field.chest_start
266.703	rift-mage	flow.rift_exit
276.022	town	ui.open
276.134	town	ui.click
276.161	town	ui.open
276.246	town	gold.spend
276.330	town	shop.gamble_beat
277.030	town	shop.gamble_beat
277.913	town	loot.drop.rare
278.648	town	ui.close
286.371	town	ui.open
286.486	town	ui.tab
286.547	town	ui.open
286.663	settings	ui.tab
286.747	settings	loot.drop.legendary
286.763	settings	ui.click
288.069	settings	ui.close
